<?xml version="1.0" encoding="UTF-8"?>
<beans xmlns="http://www.springframework.org/schema/beans"
   xmlns:xsi="http://www.w3.org/2001/XMLSchema-instance"
   xmlns:context="http://www.springframework.org/schema/context"
   xsi:schemaLocation="
   http://www.springframework.org/schema/beans
   http://www.springframework.org/schema/beans/spring-beans-3.2.xsd
   http://www.springframework.org/schema/context 
   http://www.springframework.org/schema/context/spring-context-3.2.xsd">
	
	<context:component-scan base-package="dao" />
    
    <context:component-scan base-package="teachnet.info.object.lesson" />
    
    <context:component-scan base-package="httpClient" />
	
	<bean id="dataSource" class="org.springframework.jdbc.datasource.DriverManagerDataSource">
    	<property name="driverClassName" value="com.mysql.jdbc.Driver" />
    	<property name="url" value="jdbc:mysql://localhost:3306/ballade" />
    	<property name="username" value="root" />
    	<property name="password" value="a19960712" />
    </bean>
    
    <bean id="jdbcTemplate" class="org.springframework.jdbc.core.simple.SimpleJdbcTemplate">
    	<constructor-arg ref="dataSource" />
    </bean>
</beans>