<?xml version="1.0" encoding="UTF-8"?>
<beans xmlns="http://www.springframework.org/schema/beans"
   xmlns:xsi="http://www.w3.org/2001/XMLSchema-instance"
   xmlns:security="http://www.springframework.org/schema/security"
   xsi:schemaLocation="
   http://www.springframework.org/schema/beans
   http://www.springframework.org/schema/beans/spring-beans-3.2.xsd
   http://www.springframework.org/schema/security
   http://www.springframework.org/schema/security/spring-security-3.1.xsd">
   
   <security:http auto-config="true" use-expressions="true">
    	<security:intercept-url pattern="/home/**" access="hasRole('ROLE_STUDENT')" />
    	<security:intercept-url pattern="/" access="hasRole('ROLE_STUDENT')" />
    	<security:form-login login-processing-url="/static/j_spring_security_check"
    						 login-page="/login"
    						 authentication-failure-url="/login?login_error=t" />
    	<security:logout invalidate-session="true"
      					 logout-success-url="/login"
      					 logout-url="/static/j_spring_security_logout" />
      	<security:remember-me key="balladeKey" token-validity-seconds="2419200" />
    </security:http>
    
    <security:jdbc-user-service id="userService" data-source-ref="dataSource" 
    							users-by-username-query="select username, password, true from students where username=?"
    							authorities-by-username-query="select username, 'ROLE_STUDENT' from students where username=?"/>
    
    <security:authentication-manager>
    	<security:authentication-provider user-service-ref="userService" />
    </security:authentication-manager>
   
	<security:global-method-security secured-annotations="enabled" />
</beans>